,label,sequence,variable,value
0,A,GGACA,0,-0.673
1,A,GGACA,0,-0.725
2,A,GGACA,0,-0.741
3,A,GGACA,0,-0.724
4,A,GGACA,0,-0.633
5,A,GGACA,0,-0.689
6,A,GGACA,0,-0.708
7,A,GGACA,0,-0.597
8,A,GGACA,0,-0.662
9,A,GGACA,0,-0.51
10,A,GGACA,0,-0.68
11,A,GGACA,0,-0.635
12,A,GGACA,0,-0.631
13,A,GGACA,0,-0.813
14,A,GGACA,0,-0.682
15,A,GGACA,0,-0.663
16,A,GGACA,0,-0.621
17,A,GGACA,0,-0.471
18,A,GGACA,0,-0.673
19,A,GGACA,0,-0.742
20,A,GGACA,0,-0.661
21,A,GGACA,0,-0.67
22,A,GGACA,0,-0.595
23,A,GGACA,0,-0.581
24,A,GGACA,0,-0.693
25,A,GGACA,0,-0.726
26,A,GGACA,0,-0.701
27,A,GGACA,0,-0.772
28,A,GGACA,0,-0.705
29,A,GGACA,0,-0.666
30,A,GGACA,0,-0.735
31,A,GGACA,0,-0.678
32,A,GGACA,0,-0.76
33,A,GGACA,0,-0.709
34,A,GGACA,0,-0.721
35,A,GGACA,0,-0.761
36,A,GGACA,0,-0.651
37,A,GGACA,0,-0.671
38,A,GGACA,0,-0.733
39,A,GGACA,0,-0.643
40,A,GGACA,0,-0.633
41,A,GGACA,0,-0.833
42,A,GGACA,0,-0.614
43,A,GGACA,0,-0.697
44,A,GGACA,0,-0.662
45,A,GGACA,0,-0.68
46,A,GGACA,0,-0.653
47,A,GGACA,0,-0.732
48,A,GGACA,0,-0.643
49,A,GGACA,0,-0.671
50,A,GGACA,0,-0.87
51,A,GGACA,0,-0.676
52,A,GGACA,0,-0.632
53,A,GGACA,0,-0.659
54,A,GGACA,0,-0.624
55,A,GGACA,0,-0.64
56,A,GGACA,0,-0.681
57,A,GGACA,0,-0.717
58,A,GGACA,0,-0.638
59,A,GGACA,0,-0.582
60,A,GGACA,0,-0.734
61,A,GGACA,0,-0.669
62,A,GGACA,0,-0.606
63,A,GGACA,0,-0.629
64,A,GGACA,0,-0.671
65,A,GGACA,0,-0.711
66,A,GGACA,0,-0.675
67,A,GGACA,0,-0.503
68,A,GGACA,0,-0.58
69,A,GGACA,0,-0.656
70,A,GGACA,0,-0.592
71,A,GGACA,0,-0.71
72,A,GGACA,0,-0.681
73,A,GGACA,0,-0.663
74,A,GGACA,0,-0.687
75,A,GGACA,0,-0.568
76,A,GGACA,0,-0.698
77,A,GGACA,0,-0.672
78,A,GGACA,0,-0.627
79,A,GGACA,0,-0.49
80,A,GGACA,0,-0.895
81,A,GGACA,0,-0.73
82,A,GGACA,0,-0.652
83,A,GGACA,0,-0.714
84,A,GGACA,0,-0.667
85,A,GGACA,0,-0.679
86,A,GGACA,0,-0.673
87,A,GGACA,0,-0.652
88,A,GGACA,0,-0.66
89,A,GGACA,0,-0.627
90,A,GGACA,0,-0.657
91,A,GGACA,0,-0.634
92,A,GGACA,0,-0.729
93,A,GGACA,0,-0.737
94,A,GGACA,0,-0.897
95,A,GGACA,0,-0.702
96,A,GGACA,0,-0.69
97,A,GGACA,0,-0.72
98,A,GGACA,0,0.083
99,A,GGACA,0,-0.688
100,A,GGACA,0,-0.553
101,m1A,GGACA,0,-0.595
102,m1A,GGACA,0,-0.707
103,m1A,GGACA,0,-0.765
104,m1A,GGACA,0,-0.06
105,m1A,GGACA,0,-0.594
106,m1A,GGACA,0,-0.473
107,m1A,GGACA,0,-0.585
108,m1A,GGACA,0,-0.578
109,m1A,GGACA,0,-0.583
110,m1A,GGACA,0,-0.533
111,m1A,GGACA,0,-0.489
112,m1A,GGACA,0,-0.569
113,m1A,GGACA,0,-0.569
114,m1A,GGACA,0,-0.564
115,m1A,GGACA,0,-0.516
116,m1A,GGACA,0,-0.577
117,m1A,GGACA,0,-0.512
118,m1A,GGACA,0,-0.433
119,m1A,GGACA,0,-0.6
120,m1A,GGACA,0,-0.682
121,m1A,GGACA,0,-0.595
122,m1A,GGACA,0,-0.767
123,m1A,GGACA,0,-0.529
124,m1A,GGACA,0,-0.74
125,m1A,GGACA,0,-0.663
126,m1A,GGACA,0,-0.79
127,m1A,GGACA,0,-0.539
128,m1A,GGACA,0,-0.563
129,m1A,GGACA,0,-0.742
130,m1A,GGACA,0,-0.727
131,m1A,GGACA,0,-0.627
132,m1A,GGACA,0,-0.64
133,m1A,GGACA,0,-0.672
134,m1A,GGACA,0,-0.482
135,m1A,GGACA,0,-0.641
136,m1A,GGACA,0,-0.595
137,m1A,GGACA,0,-0.717
138,m1A,GGACA,0,-0.663
139,m1A,GGACA,0,-0.625
140,m1A,GGACA,0,-0.74
141,m1A,GGACA,0,-0.672
142,m1A,GGACA,0,-0.702
143,m1A,GGACA,0,-0.616
144,m1A,GGACA,0,-0.473
145,m1A,GGACA,0,-0.575
146,m1A,GGACA,0,-0.631
147,m1A,GGACA,0,-0.589
148,m1A,GGACA,0,-0.615
149,m1A,GGACA,0,-0.738
150,m1A,GGACA,0,-0.579
151,m1A,GGACA,0,-0.224
152,m1A,GGACA,0,-0.642
153,m1A,GGACA,0,-0.642
154,m1A,GGACA,0,-0.805
155,m1A,GGACA,0,-0.688
156,m1A,GGACA,0,-0.608
157,m1A,GGACA,0,-0.296
158,m1A,GGACA,0,-0.559
159,m1A,GGACA,0,-0.588
160,m1A,GGACA,0,-0.622
161,m1A,GGACA,0,-0.561
162,m1A,GGACA,0,-0.635
163,m1A,GGACA,0,-0.694
164,m1A,GGACA,0,-0.699
165,m1A,GGACA,0,-0.528
166,m1A,GGACA,0,-0.604
167,m1A,GGACA,0,-0.441
168,m1A,GGACA,0,-0.48
169,m1A,GGACA,0,-0.665
170,m1A,GGACA,0,-0.633
171,m1A,GGACA,0,-0.048
172,m1A,GGACA,0,-0.711
173,m1A,GGACA,0,-0.59
174,m1A,GGACA,0,-0.579
175,m1A,GGACA,0,-0.682
176,m1A,GGACA,0,-0.592
177,m1A,GGACA,0,-0.598
178,m1A,GGACA,0,-0.651
179,m1A,GGACA,0,-0.567
180,m1A,GGACA,0,-0.652
181,m1A,GGACA,0,-0.645
182,m1A,GGACA,0,-0.684
183,m1A,GGACA,0,-0.575
184,m1A,GGACA,0,-0.688
185,m1A,GGACA,0,-0.209
186,m1A,GGACA,0,-0.648
187,m1A,GGACA,0,-0.606
188,m1A,GGACA,0,-0.645
189,m1A,GGACA,0,-0.773
190,m1A,GGACA,0,-0.788
191,m1A,GGACA,0,-0.59
192,m1A,GGACA,0,-0.61
193,m1A,GGACA,0,-0.697
194,m1A,GGACA,0,-0.292
195,m1A,GGACA,0,-0.672
196,m1A,GGACA,0,-0.671
197,m1A,GGACA,0,-0.555
198,m1A,GGACA,0,-0.699
199,m1A,GGACA,0,-0.629
200,m1A,GGACA,0,-0.595
201,m1A,GGACA,0,-0.599
202,m6A,GGACA,0,-0.686
203,m6A,GGACA,0,-0.628
204,m6A,GGACA,0,-0.663
205,m6A,GGACA,0,-0.588
206,m6A,GGACA,0,-0.721
207,m6A,GGACA,0,-0.651
208,m6A,GGACA,0,-0.728
209,m6A,GGACA,0,-0.646
210,m6A,GGACA,0,-0.661
211,m6A,GGACA,0,-0.506
212,m6A,GGACA,0,-0.617
213,m6A,GGACA,0,-0.561
214,m6A,GGACA,0,-0.678
215,m6A,GGACA,0,-0.69
216,m6A,GGACA,0,-0.628
217,m6A,GGACA,0,-0.204
218,m6A,GGACA,0,-0.613
219,m6A,GGACA,0,-0.586
220,m6A,GGACA,0,-0.6
221,m6A,GGACA,0,-0.763
222,m6A,GGACA,0,-0.597
223,m6A,GGACA,0,-0.603
224,m6A,GGACA,0,-0.607
225,m6A,GGACA,0,-0.644
226,m6A,GGACA,0,-0.611
227,m6A,GGACA,0,-0.567
228,m6A,GGACA,0,-0.648
229,m6A,GGACA,0,-0.717
230,m6A,GGACA,0,-0.716
231,m6A,GGACA,0,-0.563
232,m6A,GGACA,0,-0.579
233,m6A,GGACA,0,-0.741
234,m6A,GGACA,0,-0.636
235,m6A,GGACA,0,-0.638
236,m6A,GGACA,0,-0.502
237,m6A,GGACA,0,-0.635
238,m6A,GGACA,0,-0.582
239,m6A,GGACA,0,-0.628
240,m6A,GGACA,0,-0.71
241,m6A,GGACA,0,-0.656
242,m6A,GGACA,0,-0.539
243,m6A,GGACA,0,-0.608
244,m6A,GGACA,0,-0.604
245,m6A,GGACA,0,-0.631
246,m6A,GGACA,0,-0.758
247,m6A,GGACA,0,-0.61
248,m6A,GGACA,0,-0.564
249,m6A,GGACA,0,-0.608
250,m6A,GGACA,0,-0.536
251,m6A,GGACA,0,-0.536
252,m6A,GGACA,0,-0.701
253,m6A,GGACA,0,-0.873
254,m6A,GGACA,0,-0.09
255,m6A,GGACA,0,-0.655
256,m6A,GGACA,0,-0.729
257,m6A,GGACA,0,-0.478
258,m6A,GGACA,0,-0.664
259,m6A,GGACA,0,-0.778
260,m6A,GGACA,0,-0.66
261,m6A,GGACA,0,-0.13
262,m6A,GGACA,0,-0.663
263,m6A,GGACA,0,-0.304
264,m6A,GGACA,0,-0.688
265,m6A,GGACA,0,-0.589
266,m6A,GGACA,0,-0.618
267,m6A,GGACA,0,-0.623
268,m6A,GGACA,0,-0.135
269,m6A,GGACA,0,-0.668
270,m6A,GGACA,0,-0.661
271,m6A,GGACA,0,-0.68
272,m6A,GGACA,0,-0.565
273,m6A,GGACA,0,-0.609
274,m6A,GGACA,0,-0.64
275,m6A,GGACA,0,-0.619
276,m6A,GGACA,0,-0.647
277,m6A,GGACA,0,-0.516
278,m6A,GGACA,0,-0.592
279,m6A,GGACA,0,-0.608
280,m6A,GGACA,0,-0.719
281,m6A,GGACA,0,-0.379
282,m6A,GGACA,0,-0.7
283,m6A,GGACA,0,-0.625
284,m6A,GGACA,0,-0.624
285,m6A,GGACA,0,-0.561
286,m6A,GGACA,0,-0.815
287,m6A,GGACA,0,-0.708
288,m6A,GGACA,0,-0.589
289,m6A,GGACA,0,-0.647
290,m6A,GGACA,0,-0.596
291,m6A,GGACA,0,-0.594
292,m6A,GGACA,0,-0.75
293,m6A,GGACA,0,-0.589
294,m6A,GGACA,0,-0.721
295,m6A,GGACA,0,-0.846
296,m6A,GGACA,0,-0.663
297,m6A,GGACA,0,-0.599
298,m6A,GGACA,0,-0.638
299,m6A,GGACA,0,-0.295
300,m6A,GGACA,0,-0.942
301,m6A,GGACA,0,-0.641
302,m6A,GGACA,0,-0.612
